[
  {
    "material": {"ambient": [0.1,0.1,0.1], "diffuse": [0.6,0.4,0.4], "specular": [0.3,0.3,0.3], "n":11},
    "vertices": [[0.15, 0.6, 0.75],[0.25, 0.9, 0.75],[0.35,0.6,0.75]],
    "normals": [[0, 0, -1],[0, 0, -1],[0, 0, -1]],
    "triangles": [[0,1,2]]
  },
  {
    "material": {"ambient": [0.1,0.1,0.1], "diffuse": [0.6,0.6,0.4], "specular": [0.3,0.3,0.3], "n":17},
    "vertices": [[0.15, 0.15, 0.75],[0.15, 0.35, 0.75],[0.35,0.35,0.75],[0.35,0.15,0.75]],
    "normals": [[0, 0, -1],[0, 0, -1],[0, 0, -1],[0, 0, -1]],
    "triangles": [[0,1,2],[2,3,0]]
  }
]
